"Order_ID","order_date","delivery_date","order_type","Customer_Name","profit","product_line","product_name","product_group","product_category"
"  1230058123","       21925","       21925","Retail","James Klisurich","        9.05","Clothes & Shoes","Toncot Beefy-T Emb T","T-Shirts","Clothes"
"  1230080101","       21929","       21933","Catalog","Sandrina Stephano","      137.95","Outdoors","Trekking Tent","Outdoor Gear","Outdoors"
"  1230106883","       21934","       21936","Catalog","Dianne Patchin","       19.75","Sports","Sharky Swimming Trun","Bathing Suits","Swim Sports"
"  1230147441","       21942","       21942","Retail","Wendell Summersby","          19","Sports","Goggles, Assorted Co","Bathing Suits","Swim Sports"
"  1230315085","       21972","       21972","Retail","Duncan Robertshawe","        37.2","Sports","Eagle Plain Cap","Golf Clothes","Golf"
"  1230333319","       21976","       21977","Catalog","Najma Hicks","      118.65","Sports","Cool Fit Men's Rolle","Skates","Assorted Sports Arti"
"  1230338566","       21977","       21982","Catalog","Tulio D\u00e9vereaux","       19.25","Sports","Top Equipe 07 Green","Winter Sports","Winter Sports"
"  1230371142","       21983","       21985","Catalog","Dianne Patchin","          71","Sports","Pants N","Jogging","Running - Jogging"
"  1230404278","       21989","       21989","Retail","Roy Siferd","        40.9","Clothes & Shoes","Pytossage Bathing Sa","Tracker Shoes","Shoes"
"  1230440481","       21996","       21996","Retail","Duncan Robertshawe","        66.6","Outdoors","Basic 10, Left , Yel","Sleepingbags","Outdoors"
"  1230453723","       21998","       21999","Catalog","Najma Hicks","       12.55","Sports","Breath-brief Long Un","Running Clothes","Running - Jogging"
"  1230455630","       21999","       21999","Retail","Duncan Robertshawe","        46.9","Sports","Tee18 Troon 7  Black","Golf","Golf"
"  1230498538","       22006","       22006","Retail","Michael Dineley","       34.15","Outdoors","Gloves Le Fly Mitten","Gloves & Mittens","Outdoors"
"  1230591673","       22023","       22028","Catalog","Tulio D\u00e9vereaux","       81.75","Clothes & Shoes","Pro Fit Gel Gt 2030","Shoes","Shoes"
"  1230591675","       22023","       22025","Internet","Phenix Hill","        19.1","Sports","Sweatshirt Women's S","Jogging","Running - Jogging"
"  1230591684","       22023","       22023","Retail","Najma Hicks","       809.8","Sports","Expert Men's Firesol","Golf","Golf"
"  1230657844","       22036","       22039","Internet","Robert Bowerman","        63.1","Sports","Lyon Men's Jacket","Assorted Sports arti","Assorted Sports Arti"
"  1230700421","       22043","       22044","Catalog","Najma Hicks","      101.45","Outdoors","Jacket Nome","Anoraks & Parkas","Outdoors"
"  1230745294","       22051","       22051","Retail","Viola Folsom","       67.15","Clothes & Shoes","Woman's Air Converge","Eclipse Shoes","Shoes"
"  1230754828","       22053","       22053","Retail","David Black","        33.9","Clothes & Shoes","Big Guy Men's T-Shir","Eclipse Clothing","Clothes"
"  1230778996","       22058","       22058","Retail","Karolina Dokter","       18.25","Outdoors","Rain Jacket","Outdoor Gear","Outdoors"
"  1230793366","       22060","       22063","Catalog","Attila Gibbs","       877.8","Sports","Smasher Tg 70 Tennis","Racket Sports","Racket Sports"
"  1230804171","       22062","       22067","Catalog","Tulio D\u00e9vereaux","       86.55","Sports","Force Classic Men's","Running Clothes","Running - Jogging"
"  1230825762","       22066","       22066","Retail","Viola Folsom","       153.9","Outdoors","Mayday W'S Sports Pu","Outdoor Gear","Outdoors"
"  1230841456","       22069","       22074","Catalog","Tulio D\u00e9vereaux","        60.9","Sports","Prosoccer Away Shirt","Soccer","Team Sports"
"  1230841466","       22069","       22069","Retail","Mikel Spetz","        61.5","Sports","Ypsilon Men's Sweats","Jogging","Running - Jogging"
"  1230885738","       22077","       22077","Retail","Roy Siferd","        18.1","Clothes & Shoes","Toncot Beefy-T Emb T","T-Shirts","Clothes"
"  1231002241","       22099","       22102","Internet","Robert Bowerman","       29.65","Clothes & Shoes","Tyfoon Oliver Sweats","Street Wear","Clothes"
"  1231023774","       22103","       22103","Retail","Ramesh Trentholme","       12.05","Outdoors","Small Belt Bag, Blac","Outdoor Gear","Outdoors"
"  1231071449","       22111","       22113","Internet","Phenix Hill","       140.9","Sports","Grandslam Ultra Powe","Racket Sports","Racket Sports"
"  1231077006","       22112","       22112","Retail","David Black","       113.8","Outdoors","Men's Sports Pullove","Outdoor Gear","Outdoors"
"  1231135703","       22123","       22123","Retail","Najma Hicks","        59.9","Children","Kid Basic Tracking S","Osprey, Kids","Children Sports"
"  1231169108","       22129","       22129","Retail","Cynthia Mart\u00ednez","      110.25","Clothes & Shoes","Hardcore Men's Stree","Tracker Shoes","Shoes"
"  1231176288","       22131","       22131","Retail","Ramesh Trentholme","        23.7","Sports","Original Running Pan","Running Clothes","Running - Jogging"
"  1231188317","       22133","       22135","Catalog","Karolina Dokter","       18.45","Clothes & Shoes","Osprey Men's King T-","Osprey","Clothes"
"  1231204878","       22135","       22135","Retail","Viola Folsom","        55.5","Outdoors","Expedition Zero,Smal","Sleepingbags","Outdoors"
"  1231206746","       22136","       22136","Retail","Ramesh Trentholme","          14","Sports","Tee18 Ascot Chipper","Golf","Golf"
"  1231231220","       22140","       22140","Retail","Michael Dineley","          79","Clothes & Shoes","Sherpa Pes Shiny Cot","Tracker Clothes","Clothes"
"  1231259703","       22145","       22145","Retail","Dianne Patchin","       204.9","Sports","Bretagne Stabilites","Golf","Golf"
"  1231270767","       22147","       22153","Internet","Yan Kozlowski","        83.9","Outdoors","Expedition10,Medium,","Sleepingbags","Outdoors"
"  1231292064","       22151","       22151","Retail","David Black","        52.2","Clothes & Shoes","2bwet 3 Cb Swimming","Tracker Clothes","Clothes"
"  1231314893","       22155","       22155","Retail","Michael Dineley","        19.3","Sports","Bat - Large","Baseball","Team Sports"
"  1231341359","       22160","       22160","Retail","Viola Folsom","        72.3","Clothes & Shoes","Lulu Men's Street Sh","Shoes","Shoes"
"  1231392762","       22169","       22171","Internet","Phenix Hill","        73.2","Outdoors","Expedition 10,Small,","Sleepingbags","Outdoors"
"  1231414059","       22173","       22175","Internet","Phenix Hill","       90.15","Sports","Twain X-Scream 7.9 S","Winter Sports","Winter Sports"
"  1231468750","       22183","       22188","Retail","Yan Kozlowski","        24.9","Clothes & Shoes","Big Guy Men's Fresh","Eclipse Clothing","Clothes"
"  1231501254","       22189","       22189","Retail","Attila Gibbs","        55.6","Clothes & Shoes","Trooper Ii Dmx-2x Me","Orion","Clothes"
"  1231522431","       22193","       22199","Internet","Yan Kozlowski","        20.9","Sports","Grey","Assorted Sports arti","Assorted Sports Arti"
"  1231657078","       22217","       22221","Retail","James Klisurich","       45.85","Clothes & Shoes","South Peak Men's Run","Tracker Shoes","Shoes"
"  1231663230","       22218","       22218","Retail","Sandrina Stephano","        1.85","Sports","Shoelace White 150 C","Assorted Sports arti","Assorted Sports Arti"
"  1231757107","       22235","       22235","Retail","Jimmie Evans","       41.95","Clothes & Shoes","Woman's Micro Fibre","Eclipse Clothing","Clothes"
"  1231780610","       22239","       22239","Retail","Viola Folsom","         110","Sports","Proskater Kitalpha G","Skates","Assorted Sports Arti"
"  1231858937","       22253","       22253","Retail","Dianne Patchin","        71.3","Clothes & Shoes","Hilly Women's Crosst","Tracker Shoes","Shoes"
"  1231891098","       22259","       22259","Retail","Viola Folsom","        35.6","Clothes & Shoes","Casual Genuine Tee","Tracker Clothes","Clothes"
"  1231896710","       22260","       22260","Retail","Attila Gibbs","       54.75","Outdoors","Mayday Qd Zip Pants","Outdoor Gear","Outdoors"
"  1231898348","       22261","       22261","Retail","Duncan Robertshawe","       131.2","Clothes & Shoes","Quali Sweatpant","Tracker Clothes","Clothes"
"  1231908237","       22263","       22263","Retail","Ramesh Trentholme","       117.4","Sports","Proplay Men's Tour F","Golf","Golf"
"  1231928627","       22266","       22266","Retail","Jimmie Evans","       47.95","Sports","Pro-roll Sabotage-Rp","Skates","Assorted Sports Arti"
"  1231936241","       22268","       22268","Retail","Karolina Dokter","        12.2","Clothes & Shoes","Men's Cap","Tracker Clothes","Clothes"
"  1231950921","       22270","       22272","Catalog","Sandrina Stephano","       153.9","Outdoors","Mayday W'S Sports Pu","Outdoor Gear","Outdoors"
"  1231952752","       22271","       22273","Catalog","Karolina Dokter","        52.7","Clothes & Shoes","Big Guy Men's Twill","Eclipse Clothing","Clothes"
"  1231956902","       22271","       22271","Retail","Sandrina Stephano","        74.4","Clothes & Shoes","Pine Sweat with Hood","Tracker Clothes","Clothes"
"  1231982684","       22276","       22276","Retail","Duncan Robertshawe","       64.05","Sports","Smasher Polo-Shirt w","Tennis","Racket Sports"
"  1231986335","       22277","       22277","Retail","Cosi Rimmington","        21.2","Outdoors","Dome Tent Monodome A","Outdoor Gear","Outdoors"
"  1232007693","       22280","       22284","Catalog","Sandrina Stephano","      178.85","Sports","Perfect Fit Men's Ro","Skates","Assorted Sports Arti"
"  1232007700","       22280","       22280","Retail","Dianne Patchin","       142.4","Outdoors","Duwall Pants","Anoraks & Parkas","Outdoors"
"  1232087464","       22293","       22293","Retail","Dericka Pockran","       167.8","Outdoors","Expedition10,Medium,","Sleepingbags","Outdoors"
"  1232092527","       22293","       22293","Retail","Annmarie Leveille","         3.9","Clothes & Shoes","Green Lime Atletic S","Green Tomato","Clothes"
"  1232161564","       22303","       22303","Retail","Alvan Goheen","       50.55","Clothes & Shoes","Big Guy Men's Mid La","Eclipse Clothing","Clothes"
"  1232217725","       22312","       22315","Catalog","Wynella Lewis","       161.4","Outdoors","Topper Pants","Anoraks & Parkas","Outdoors"
"  1232240447","       22316","       22316","Retail","Cosi Rimmington","        44.3","Outdoors","Deer Backpack","Backpacks","Outdoors"
"  1232307056","       22326","       22326","Retail","Robert Bowerman","        85.3","Outdoors","Lucky Tech Classic R","Outdoor Gear","Outdoors"
"  1232311932","       22326","       22326","Retail","Michael Dineley","       121.2","Clothes & Shoes","Lucky Knitwear Wool","Knitwear","Clothes"
"  1232331499","       22329","       22333","Catalog","Tulio D\u00e9vereaux","       213.5","Outdoors","Lucky Voss Jacket","Anoraks & Parkas","Outdoors"
"  1232410925","       22341","       22342","Internet","James Kvarniq","        28.9","Sports","Ii Pmt,Bone","Winter Sports","Winter Sports"
"  1232455720","       22348","       22348","Retail","James Kvarniq","       29.75","Sports","Swim Suit Laurel","Bathing Suits","Swim Sports"
"  1232530384","       22359","       22360","Internet","James Kvarniq","         8.3","Sports","Helmet M","Baseball","Team Sports"
"  1232530393","       22359","       22359","Retail","Annmarie Leveille","        16.6","Clothes & Shoes","Big Guy Men's Dri Fi","Eclipse Clothing","Clothes"
"  1232554759","       22363","       22363","Retail","Lendon Celii","       41.95","Outdoors","Expedition10,Medium,","Sleepingbags","Outdoors"
"  1232590052","       22369","       22369","Retail","Cosi Rimmington","        30.2","Sports","Anthony Women's Tenn","Tennis","Racket Sports"
"  1232601472","       22370","       22373","Catalog","Wynella Lewis","         105","Outdoors","Men's Pants, Basic","Outdoor Gear","Outdoors"
"  1232648239","       22377","       22385","Retail","Annmarie Leveille","         4.2","Children","Toddler Footwear Soc","Tracker Kid's Clothe","Children Sports"
"  1232654929","       22378","       22379","Internet","James Kvarniq","         119","Sports","A-team Sweat Round N","Jogging","Running - Jogging"
"  1232709099","       22386","       22386","Retail","James Kvarniq","        8.95","Clothes & Shoes","Essence.baseball Cap","Tracker Clothes","Clothes"
"  1232709115","       22386","       22386","Retail","Alvan Goheen","        33.9","Sports","Armour L","American Football","Team Sports"
"  1232723799","       22389","       22393","Internet","Wendell Summersby","       12.55","Children","O'my Children's T-Sh","N.D. Gear, Kids","Children Sports"
"  1232728634","       22389","       22393","Catalog","Sandrina Stephano","       92.15","Sports","Proskater Viablade T","Assorted Sports arti","Assorted Sports Arti"
"  1232777080","       22397","       22397","Retail","Ramesh Trentholme","       40.65","Outdoors","Inflatable 3.5","Outdoor Gear","Outdoors"
"  1232790793","       22399","       22399","Retail","Cosi Rimmington","        25.6","Outdoors","Sioux Men's Backpack","Backpacks","Outdoors"
"  1232857157","       22408","       22412","Catalog","Dianne Patchin","        89.8","Outdoors","Outback Sleeping Bag","Sleepingbags","Outdoors"
"  1232897220","       22414","       22414","Retail","Alvan Goheen","       379.2","Sports","Rollerskate Roller S","Skates","Assorted Sports Arti"
"  1232946301","       22422","       22424","Catalog","Karolina Dokter","        55.4","Clothes & Shoes","2bwet 3 Solid Bikini","Tracker Clothes","Clothes"
"  1232956741","       22423","       22424","Internet","Yan Kozlowski","        42.4","Outdoors","Dome Tent Monodome A","Outdoor Gear","Outdoors"
"  1232972274","       22426","       22426","Retail","Robert Bowerman","          74","Outdoors","Trekker 65 Royal Men","Backpacks","Outdoors"
"  1232985693","       22428","       22428","Retail","Duncan Robertshawe","       150.2","Sports","Barret 3.1 Women's S","Assorted Sports arti","Assorted Sports Arti"
"  1232998740","       22429","       22429","Retail","James Kvarniq","       50.28","Sports","Football - Helmet Pr","American Football","Team Sports"
"  1233003688","       22430","       22430","Retail","Alvan Goheen","       15.65","Sports","Victor 76 76mm Optic","Assorted Sports arti","Assorted Sports Arti"
"  1233066745","       22440","       22440","Retail","Ramesh Trentholme","       41.95","Outdoors","Expedition10,Medium,","Sleepingbags","Outdoors"
"  1233078086","       22441","       22441","Retail","Annmarie Leveille","       113.2","Clothes & Shoes","Twain Men's Exit Low","Shoes","Shoes"
"  1233092596","       22443","       22443","Retail","David Black","         8.8","Sports","Wrist Weight 1.10 Kg","Fitness","Indoor Sports"
"  1233131266","       22449","       22449","Retail","Dianne Patchin","        23.4","Sports","Smasher Tights","Tennis","Racket Sports"
"  1233166411","       22455","       22455","Retail","Robert Bowerman","        5.95","Sports","Wyoming Men's Socks","Assorted Sports arti","Assorted Sports Arti"
"  1233243603","       22466","       22466","Retail","Annmarie Leveille","           4","Sports","Baseball Orange Smal","Baseball","Team Sports"
"  1233315988","       22477","       22477","Retail","Sandrina Stephano","        47.5","Sports","Cougar Fleece Jacket","Gymnastic Clothing","Indoor Sports"
"  1233482761","       22502","       22502","Retail","Alvan Goheen","        18.1","Sports","Helmet XL","Baseball","Team Sports"
"  1233531965","       22510","       22510","Retail","Ramesh Trentholme","        59.2","Sports","Rollerskate Roller S","Skates","Assorted Sports Arti"
"  1233543560","       22511","       22512","Internet","James Kvarniq","       117.9","Sports","Force Technical Jack","Running Clothes","Running - Jogging"
"  1233545775","       22512","       22512","Retail","Wendell Summersby","        25.8","Sports","Ball Bag","Golf","Golf"
"  1233545781","       22512","       22512","Retail","Ramesh Trentholme","        3.35","Outdoors","Pocket Light with Cr","Outdoor Gear","Outdoors"
"  1233618453","       22523","       22523","Retail","Ramesh Trentholme","       35.15","Sports","Norwood Player Shirt","Soccer","Team Sports"
"  1233682051","       22532","       22536","Catalog","Sandrina Stephano","       24.75","Sports","Roth T-Shirt","Assorted Sports arti","Assorted Sports Arti"
"  1233689304","       22533","       22533","Retail","Annmarie Leveille","      825.45","Sports","Top Men's R&D Ultima","Top Trim","Indoor Sports"
"  1233837302","       22556","       22556","Retail","Cosi Rimmington","       551.8","Outdoors","Trekking Tent","Outdoor Gear","Outdoors"
"  1233895201","       22565","       22567","Catalog","Karolina Dokter","        12.7","Clothes & Shoes","Northern Fleece Scar","Eclipse Clothing","Clothes"
"  1233920795","       22568","       22568","Retail","Yan Kozlowski","        72.3","Sports","Black Morphe","Winter Sports","Winter Sports"
"  1233920805","       22568","       22568","Retail","Yan Kozlowski","         4.5","Outdoors","Knife","Outdoor Gear","Outdoors"
"  1234033037","       22585","       22585","Retail","Lendon Celii","       30.95","Clothes & Shoes","Alexis Women's Class","Orion","Clothes"
"  1234092222","       22594","       22594","Retail","Mikel Spetz","         4.1","Outdoors","Proofing Spray","Outdoor Gear","Outdoors"
"  1234133789","       22601","       22601","Retail","Cosi Rimmington","      162.35","Sports","Perfect Fit Men's St","Skates","Assorted Sports Arti"
"  1234186330","       22609","       22609","Retail","Dericka Pockran","      102.35","Sports","Rollerskate Roller S","Skates","Assorted Sports Arti"
"  1234198497","       22610","       22610","Retail","Annmarie Leveille","       21.65","Children","Sweatshirt Children'","A-Team, Kids","Children Sports"
"  1234247283","       22617","       22617","Retail","Annmarie Leveille","       105.7","Clothes & Shoes","Ultra W802 All Terra","LSF","Clothes"
"  1234255111","       22618","       22618","Retail","Jimmie Evans","       137.7","Sports","Garbo Fleece Jacket","Ski Dress","Winter Sports"
"  1234279341","       22622","       22626","Catalog","Tulio D\u00e9vereaux","        68.1","Outdoors","Mayday Sports Pullov","Outdoor Gear","Outdoors"
"  1234301319","       22625","       22625","Retail","Lendon Celii","        65.2","Sports","Bat - Home Run S","Baseball","Team Sports"
"  1234348668","       22632","       22632","Retail","James Kvarniq","        50.8","Outdoors","Monster Men's Pants","Anoraks & Parkas","Outdoors"
"  1234360543","       22634","       22634","Retail","Jimmie Evans","        59.4","Outdoors","Big Guy Men's Packab","Anoraks & Parkas","Outdoors"
"  1234373539","       22636","       22636","Retail","David Black","       108.4","Outdoors","Jacket with Removabl","Anoraks & Parkas","Outdoors"
"  1234414529","       22643","       22643","Retail","Karolina Dokter","        54.1","Sports","Montevideo Men's Sho","Assorted Sports arti","Assorted Sports Arti"
"  1234419240","       22643","       22643","Retail","Jimmie Evans","        71.2","Sports","Football - Helmet XL","American Football","Team Sports"
"  1234437760","       22647","       22647","Retail","Cosi Rimmington","        96.5","Outdoors","Expedition 20,Medium","Sleepingbags","Outdoors"
"  1234534069","       22656","       22659","Internet","Phenix Hill","         291","Sports","Additive Women's Ski","Ski Dress","Winter Sports"
"  1234537441","       22657","       22657","Retail","Duncan Robertshawe","        9.65","Sports","Aim4it 16 Gram Softt","Darts","Assorted Sports Arti"
"  1234665265","       22669","       22670","Catalog","James Klisurich","        28.9","Sports","Grey Met.","Assorted Sports arti","Assorted Sports Arti"
"  1234709803","       22674","       22678","Internet","Robert Bowerman","        61.1","Clothes & Shoes","Big Guy Men's Victor","Eclipse Clothing","Clothes"
"  1234727966","       22676","       22676","Retail","Duncan Robertshawe","        7.25","Sports","Red Scarf","Soccer","Team Sports"
"  1234897732","       22692","       22692","Retail","Tonie Asmussen","         113","Sports","Ribstop Jacket","Assorted Sports arti","Assorted Sports Arti"
"  1234958242","       22698","       22703","Catalog","Robyn Klem","         6.5","Outdoors","Money Purse, Black","Outdoor Gear","Outdoors"
"  1235236723","       22725","       22725","Retail","Ramesh Trentholme","       138.6","Sports","Smasher Super Rq Ti","Racket Sports","Racket Sports"
"  1235275513","       22728","       22728","Retail","Wynella Lewis","       14.75","Clothes & Shoes","Big Guy Men's Santos","Eclipse Clothing","Clothes"
"  1235306679","       22732","       22732","Retail","Karolina Dokter","        32.6","Sports","Pacific 95% 23 Gram","Darts","Assorted Sports Arti"
"  1235384426","       22739","       22739","Retail","James Klisurich","       12.89","Sports","Football - Helmet S","American Football","Team Sports"
"  1235830338","       22783","       22789","Catalog","Robyn Klem","        45.9","Clothes & Shoes","Woman's Air Rasp Sue","Eclipse Shoes","Shoes"
"  1235856852","       22786","       22786","Retail","Robert Bowerman","       13.75","Clothes & Shoes","Fit Racing Cap","Eclipse Clothing","Clothes"
"  1235881915","       22788","       22791","Internet","Phenix Hill","        14.5","Sports","Red Scarf","Soccer","Team Sports"
"  1235913793","       22791","       22791","Retail","Annmarie Leveille","        15.1","Clothes & Shoes","Tyfoon Ketch T-Shirt","Street Wear","Clothes"
"  1235926178","       22792","       22799","Internet","Najma Hicks","        21.9","Children","Sunfit Slow Swimming","Bathing Suits, Kids","Children Sports"
"  1236017640","       22802","       22802","Retail","Duncan Robertshawe","          32","Clothes & Shoes","Casual Logo Men's Sw","Tracker Clothes","Clothes"
"  1236055696","       22805","       22805","Retail","Karen Ballinger","      170.75","Sports","Helmsdale Ski Jacket","Ski Dress","Winter Sports"
"  1236113431","       22811","       22814","Internet","Phenix Hill","        14.9","Outdoors","Deer Waist Bag","Backpacks","Outdoors"
"  1236183578","       22818","       22823","Catalog","Tulio D\u00e9vereaux","        61.4","Sports","Men's Sweat Pants wi","Jogging","Running - Jogging"
"  1236349115","       22834","       22834","Retail","Lendon Celii","       197.6","Sports","Rosefinch Cart 8 1/2","Golf","Golf"
"  1236369939","       22837","       22837","Retail","Karolina Dokter","       104.2","Sports","Northern Coach","Assorted Sports arti","Assorted Sports Arti"
"  1236701935","       22869","       22869","Retail","Alvan Goheen","        21.7","Children","Tony's Cut & Sew T-S","Eclipse, Kid's Cloth","Children Sports"
"  1236783056","       22878","       22878","Retail","Duncan Robertshawe","       100.2","Sports","Cougar Windbreaker V","Gymnastic Clothing","Indoor Sports"
"  1236852196","       22885","       22885","Retail","Ramesh Trentholme","        33.4","Sports","Swim Suit Fabulo","Bathing Suits","Swim Sports"
"  1237165927","       22915","       22926","Internet","Najma Hicks","        42.6","Sports","Woman Sweat with Rou","Jogging","Running - Jogging"
"  1237218771","       22921","       22921","Retail","Karolina Dokter","        14.2","Outdoors","Single Full Box Madr","Outdoor Gear","Outdoors"
"  1237272696","       22926","       22926","Retail","Cosi Rimmington","       106.7","Sports","Pro-roll Panga Rolle","Skates","Assorted Sports Arti"
"  1237327705","       22931","       22931","Retail","Karen Ballinger","       26.35","Clothes & Shoes","Big Guy Men's Twill","Eclipse Clothing","Clothes"
"  1237370327","       22936","       22936","Retail","Wendell Summersby","       46.05","Outdoors","Outback Sleeping Bag","Sleepingbags","Outdoors"
"  1237450174","       22944","       22948","Internet","Robert Bowerman","        40.5","Clothes & Shoes","Bra Top Wom.Fitn.Cl","Orion Clothing","Clothes"
"  1237517484","       22950","       22950","Retail","Najma Hicks","        31.7","Sports","Anthony Women's Tenn","Tennis","Racket Sports"
"  1237670443","       22965","       22970","Catalog","Karen Ballinger","        40.8","Sports","Regulator,Stopsign","Winter Sports","Winter Sports"
"  1237695520","       22968","       22968","Retail","Dericka Pockran","      121.65","Clothes & Shoes","Big Guy Men's Intern","Eclipse Shoes","Shoes"
"  1237751376","       22973","       22978","Catalog","Karen Ballinger","       141.2","Sports","Perfect Fit Men's  R","Skates","Assorted Sports Arti"
"  1237789102","       22977","       22977","Retail","Roy Siferd","        25.1","Children","Hsc Dutch Player Shi","Eclipse, Kid's Cloth","Children Sports"
"  1237890730","       22987","       22987","Retail","Sandrina Stephano","        41.1","Clothes & Shoes","Ottis Pes Men's Pant","Tracker Clothes","Clothes"
"  1237894107","       22988","       22993","Catalog","Candy Kinsey","        59.3","Clothes & Shoes","Duration Women's Tra","Orion","Clothes"
"  1237928021","       22991","       22996","Catalog","Tulio D\u00e9vereaux","       569.7","Sports","Mayday Soul Pro New","Ski Dress","Winter Sports"
"  1237989406","       22997","       23000","Internet","Phenix Hill","       183.4","Outdoors","Men's Jacket Sandy","Anoraks & Parkas","Outdoors"
"  1238161695","       23016","       23020","Catalog","Wendell Summersby","        10.4","Sports","Stout Brass 18 Gram","Assorted Sports arti","Assorted Sports Arti"
"  1238168538","       23016","       23016","Retail","James Klisurich","        26.7","Outdoors","Hammock Sports Bag","Backpacks","Outdoors"
"  1238231237","       23024","       23024","Retail","Karen Ballinger","        9.05","Sports","Helmet XL","Baseball","Team Sports"
"  1238255107","       23027","       23027","Retail","Attila Gibbs","       19.25","Clothes & Shoes","Woman's Out & Sew Ai","Eclipse Clothing","Clothes"
"  1238273927","       23030","       23030","Retail","Ramesh Trentholme","        98.4","Clothes & Shoes","Alexis Women's Class","Orion","Clothes"
"  1238319276","       23035","       23035","Retail","Yan Kozlowski","         4.8","Sports","Hiclass Mundo 78a 36","Assorted Sports arti","Assorted Sports Arti"
"  1238319281","       23035","       23035","Retail","Wynella Lewis","       13.55","Sports","Football - Helmet M","American Football","Team Sports"
"  1238353296","       23040","       23040","Retail","Karolina Dokter","        37.3","Clothes & Shoes","T-Shirt, Short-sleev","T-Shirts","Clothes"
"  1238367238","       23041","       23041","Retail","Cynthia Mart\u00ednez","       20.25","Clothes & Shoes","Bra Top Wom.Fitn.Cl","Orion Clothing","Clothes"
"  1238377562","       23043","       23043","Retail","Wendell Summersby","        76.8","Outdoors","Expedition Zero,Medi","Sleepingbags","Outdoors"
"  1238393448","       23044","       23044","Retail","Karen Ballinger","        52.5","Outdoors","Men's Pants, Basic","Outdoor Gear","Outdoors"
"  1238440880","       23050","       23050","Retail","Yan Kozlowski","          26","Clothes & Shoes","Woman's Emblished Wo","Eclipse Clothing","Clothes"
"  1238510159","       23059","       23059","Retail","Viola Folsom","       30.55","Sports","Blues Jazz Pants Sup","Gymnastic Clothing","Indoor Sports"
"  1238605995","       23071","       23071","Retail","Attila Gibbs","          27","Children","Ypsilon Children's S","Ypsilon, Kids","Children Sports"
"  1238637449","       23075","       23075","Retail","Attila Gibbs","      209.55","Sports","Weston F4 Men's Hock","Skates","Assorted Sports Arti"
"  1238646479","       23076","       23076","Retail","David Black","       29.45","Outdoors","Medium Black/Bark Ba","Backpacks","Outdoors"
"  1238646484","       23076","       23076","Retail","Kyndal Hooks","        19.8","Outdoors","Montana Adult Gloves","Gloves & Mittens","Outdoors"
"  1238674844","       23080","       23080","Retail","Dericka Pockran","       29.05","Sports","Top Elite Kit Small","Assorted Sports arti","Assorted Sports Arti"
"  1238678581","       23080","       23080","Retail","David Black","        52.7","Sports","Proplay Men's Tour F","Golf","Golf"
"  1238686430","       23081","       23081","Retail","Karen Ballinger","       22.55","Clothes & Shoes","Kaitum Women's Swim","Tracker Clothes","Clothes"
"  1238712056","       23085","       23085","Retail","Dericka Pockran","        48.7","Clothes & Shoes","Big Guy Men's Micro","Eclipse Clothing","Clothes"
"  1238735750","       23088","       23088","Retail","Cosi Rimmington","        74.6","Sports","Norwood Player Shirt","Soccer","Team Sports"
"  1238805678","       23096","       23096","Retail","Yan Kozlowski","       52.95","Sports","Tybor Sweatshirt wit","Assorted Sports arti","Assorted Sports Arti"
"  1238805703","       23096","       23096","Retail","Wynella Lewis","       32.35","Clothes & Shoes","Quali Jacket with Ho","Tracker Clothes","Clothes"
"  1238846184","       23101","       23101","Retail","Attila Gibbs","        31.2","Clothes & Shoes","Big Guy Men's Air De","Eclipse Shoes","Shoes"
"  1238870441","       23104","       23104","Retail","Alphone Greenwald","         2.9","Sports","Baseball White Small","Baseball","Team Sports"
"  1238910092","       23109","       23109","Retail","Wynella Lewis","        96.1","Clothes & Shoes","Big Guy Men's Woven","Eclipse Clothing","Clothes"
"  1238928257","       23112","       23112","Retail","Ramesh Trentholme","        21.1","Sports","Milan Swimming Trunk","Bathing Suits","Swim Sports"
"  1238968334","       23117","       23121","Catalog","Candy Kinsey","         8.6","Clothes & Shoes","Knit Hat","Eclipse Clothing","Clothes"
"  1238985782","       23119","       23123","Catalog","Candy Kinsey","        45.6","Sports","Stream Sweatshirt wi","Assorted Sports arti","Assorted Sports Arti"
"  1239057268","       23127","       23127","Retail","David Black","        24.1","Children","Rain Suit, Plain w/b","Lucky Guy, Kids","Children Sports"
"  1239172417","       23142","       23146","Catalog","Candy Kinsey","        29.7","Sports","Wood Box for 6 Balls","Assorted Sports arti","Assorted Sports Arti"
"  1239179935","       23142","       23147","Catalog","Alphone Greenwald","       14.74","Sports","Basket Ball Pro","Basket Ball","Team Sports"
"  1239194032","       23144","       23144","Retail","Yan Kozlowski","        13.6","Clothes & Shoes","Big Guy Men's Micro","Eclipse Clothing","Clothes"
"  1239201604","       23145","       23145","Retail","Kyndal Hooks","       379.2","Sports","Rollerskate Roller S","Skates","Assorted Sports Arti"
"  1239220388","       23148","       23152","Catalog","Candy Kinsey","       101.6","Sports","Barret 2.12 Men's So","Assorted Sports arti","Assorted Sports Arti"
"  1239226632","       23148","       23154","Internet","Michael Dineley","      100.65","Clothes & Shoes","Woman's Air Imara","Eclipse Shoes","Shoes"
"  1239248786","       23151","       23151","Retail","James Klisurich","        96.9","Sports","A-team Pants Taffeta","Jogging","Running - Jogging"
"  1239258470","       23153","       23153","Retail","Wendell Summersby","         3.2","Sports","Bat 5-Ply","Racket Sports","Racket Sports"
"  1239266107","       23154","       23154","Retail","Dericka Pockran","       57.55","Outdoors","Tipee Summer Sleepin","Sleepingbags","Outdoors"
"  1239312711","       23159","       23159","Retail","Dianne Patchin","       115.2","Outdoors","Expedition Zero,Medi","Sleepingbags","Outdoors"
"  1239346133","       23163","       23163","Retail","Yan Kozlowski","        57.9","Clothes & Shoes","Big Guy Men's T-Shir","Eclipse Clothing","Clothes"
"  1239353855","       23165","       23165","Retail","Duncan Robertshawe","         6.6","Outdoors","Outback Spirits Kitc","Outdoor Gear","Outdoors"
"  1239368476","       23166","       23166","Retail","Wynella Lewis","       38.67","Sports","Football - Helmet S","American Football","Team Sports"
"  1239408849","       23171","       23171","Retail","Yan Kozlowski","        30.4","Sports","Football Super Bowl","American Football","Team Sports"
"  1239410348","       23172","       23176","Catalog","Candy Kinsey","        17.1","Clothes & Shoes","Tx Tribe Tank Top","Orion Clothing","Clothes"
"  1239416627","       23172","       23172","Retail","Attila Gibbs","       130.1","Clothes & Shoes","Mick's Men's Cl.Trac","Orion Clothing","Clothes"
"  1239418524","       23173","       23173","Retail","Cosi Rimmington","       204.2","Clothes & Shoes","Woman's Foxhole Jack","Eclipse Clothing","Clothes"
"  1239442095","       23176","       23180","Catalog","Wendell Summersby","        66.6","Children","South Peak Junior Tr","Tracker Kid's Clothe","Children Sports"
"  1239543223","       23188","       23188","Retail","Kyndal Hooks","        86.2","Clothes & Shoes","Woman's Woven Warm U","Eclipse Clothing","Clothes"
"  1239615368","       23197","       23197","Retail","Dianne Patchin","      107.33","Sports","Massif Bandit Ski Pa","Winter Sports","Winter Sports"
"  1239693951","       23207","       23207","Retail","Attila Gibbs","        44.7","Clothes & Shoes","Osprey Shadow Indoor","Osprey","Clothes"
"  1239735632","       23212","       23212","Retail","Viola Folsom","       556.3","Outdoors","Family Holiday 6","Tents","Outdoors"
"  1239765451","       23216","       23216","Retail","Tedi Lanzarone","       115.1","Clothes & Shoes","Badminton Cotton","Tracker Clothes","Clothes"
"  1239836937","       23225","       23225","Retail","David Black","        34.7","Sports","Triffy Logo T-Shirt","Jogging","Running - Jogging"
"  1239874523","       23230","       23230","Retail","David Black","        26.2","Clothes & Shoes","Swimming Trunks Stru","Tracker Clothes","Clothes"
"  1239972644","       23243","       23245","Catalog","Dericka Pockran","          56","Clothes & Shoes","Mns.jacket Jacket","Tracker Clothes","Clothes"
"  1239994933","       23245","       23245","Retail","Kyndal Hooks","       116.1","Clothes & Shoes","Indoor Handbold Spec","Tracker Shoes","Shoes"
"  1240051245","       23252","       23258","Internet","Viola Folsom","       146.7","Outdoors","4men Men's Polar Dow","Anoraks & Parkas","Outdoors"
"  1240060066","       23253","       23253","Retail","Tedi Lanzarone","        80.7","Outdoors","Topper Pants","Anoraks & Parkas","Outdoors"
"  1240187143","       23270","       23274","Catalog","Candy Kinsey","          38","Sports","Rollerskate Roller S","Skates","Assorted Sports Arti"
"  1240283215","       23281","       23281","Retail","Yan Kozlowski","       85.95","Sports","Hi-fly Intrepid Stan","Golf","Golf"
"  1240306942","       23284","       23284","Retail","Kyndal Hooks","         4.5","Outdoors","Knife","Outdoor Gear","Outdoors"
"  1240314956","       23285","       23285","Retail","Jimmie Evans","        52.5","Outdoors","Men's Pants, Basic","Outdoor Gear","Outdoors"
"  1240355393","       23290","       23290","Retail","Karen Ballinger","       41.95","Outdoors","Expedition10,Medium,","Sleepingbags","Outdoors"
"  1240379679","       23293","       23293","Retail","James Klisurich","       49.85","Outdoors","Black/Black","Backpacks","Outdoors"
"  1240387741","       23294","       23294","Retail","Wynella Lewis","      102.05","Sports","C.A.M.,Bone","Winter Sports","Winter Sports"
"  1240430921","       23300","       23300","Retail","Duncan Robertshawe","       90.85","Sports","Smasher Super Rq Ti","Racket Sports","Racket Sports"
"  1240446608","       23302","       23306","Catalog","Candy Kinsey","        17.4","Clothes & Shoes","Woman's Short Top Dr","Eclipse Clothing","Clothes"
"  1240461993","       23303","       23303","Retail","Karen Ballinger","        6.75","Clothes & Shoes","Instyle T-Shirt","Knitwear","Clothes"
"  1240485814","       23307","       23311","Catalog","Candy Kinsey","        40.7","Clothes & Shoes","Quali Sweatshirt","Tracker Clothes","Clothes"
"  1240509842","       23309","       23309","Retail","James Klisurich","        21.6","Children","Bozeman Rain & Storm","Lucky Guy, Kids","Children Sports"
"  1240549230","       23314","       23314","Retail","Wynella Lewis","       30.45","Clothes & Shoes","Atmosphere Shatter M","Eclipse Shoes","Shoes"
"  1240581932","       23319","       23319","Retail","Ramesh Trentholme","       67.65","Children","Starlite Baby Shoes","Tracker Kid's Clothe","Children Sports"
"  1240604971","       23321","       23321","Retail","James Klisurich","        44.9","Outdoors","Outback Sleeping Bag","Sleepingbags","Outdoors"
"  1240613362","       23322","       23322","Retail","Michael Dineley","      100.35","Outdoors","Men's Jacket Rem","Anoraks & Parkas","Outdoors"
"  1240692950","       23332","       23332","Retail","Attila Gibbs","        19.1","Sports","Sweatshirt Women's S","Jogging","Running - Jogging"
"  1240886449","       23356","       23356","Retail","Yan Kozlowski","       11.55","Children","Sunfit Stockton Swim","Bathing Suits, Kids","Children Sports"
"  1240903120","       23358","       23358","Retail","Yan Kozlowski","        30.9","Clothes & Shoes","Woman's Short Tights","Eclipse Clothing","Clothes"
"  1241054779","       23377","       23380","Internet","Robyn Klem","       110.7","Sports","Cayenne Red","Winter Sports","Winter Sports"
"  1241063739","       23378","       23379","Retail","Wynella Lewis","        87.9","Sports","Shine Black PRO","Winter Sports","Winter Sports"
"  1241066216","       23379","       23379","Retail","Robert Bowerman","       150.5","Sports","Rubby Men's Golf Sho","Golf","Golf"
"  1241086052","       23381","       23384","Internet","Dericka Pockran","        20.7","Children","Children's Mitten","Lucky Guy, Kids","Children Sports"
"  1241147641","       23388","       23388","Retail","Dericka Pockran","       217.4","Sports","Wind Proof Windstopp","Golf Clothes","Golf"
"  1241235281","       23398","       23405","Retail","Robert Bowerman","       36.35","Sports","Abdomen Shaper","Fitness","Indoor Sports"
"  1241244297","       23399","       23399","Retail","Karolina Dokter","       154.8","Sports","Triffy Jacket","Jogging","Running - Jogging"
"  1241286432","       23403","       23408","Internet","Cynthia Mccluney","       104.6","Sports","Amber Cc","Winter Sports","Winter Sports"
"  1241359997","       23411","       23411","Retail","David Black","        58.7","Clothes & Shoes","Big Guy Men's Clima","Eclipse Clothing","Clothes"
"  1241371145","       23413","       23413","Retail","Robert Bowerman","       324.7","Sports","Perfect Fit Men's St","Skates","Assorted Sports Arti"
"  1241390440","       23415","       23415","Retail","Wendell Summersby","        17.9","Sports","Bretagne Soft-Tech M","Golf","Golf"
"  1241461856","       23422","       23423","Retail","Tonie Asmussen","        14.6","Clothes & Shoes","Woman's Dri-Fit Scoo","Eclipse Clothing","Clothes"
"  1241561055","       23434","       23434","Retail","Robert Bowerman","       104.5","Clothes & Shoes","Casual Genuine Polo-","Tracker Clothes","Clothes"
"  1241623505","       23441","       23444","Internet","Robyn Klem","       24.95","Sports","Fga Home Shorts","Soccer","Team Sports"
"  1241652707","       23444","       23449","Internet","Cynthia Mccluney","       74.85","Sports","Fga Home Shorts","Soccer","Team Sports"
"  1241686210","       23448","       23454","Retail","Karen Ballinger","        16.2","Clothes & Shoes","Big Guy Men's Runnin","Eclipse Clothing","Clothes"
"  1241715610","       23451","       23451","Retail","Lendon Celii","         8.3","Sports","Helmet M","Baseball","Team Sports"
"  1241731828","       23453","       23453","Retail","Cynthia Mart\u00ednez","        12.3","Sports","Prosoccer  Club Foot","Assorted Sports arti","Assorted Sports Arti"
"  1241895594","       23471","       23475","Retail","Roy Siferd","        15.5","Sports","Bb Softspikes - Xp 2","Golf","Golf"
"  1241930625","       23475","       23480","Internet","Cynthia Mccluney","       30.45","Clothes & Shoes","Atmosphere Shatter M","Eclipse Shoes","Shoes"
"  1241977403","       23481","       23481","Retail","Robert Bowerman","        11.4","Sports","Smasher Shorts","Tennis","Racket Sports"
"  1242012259","       23484","       23484","Retail","Karen Ballinger","       134.2","Clothes & Shoes","Mayday Resque Fleece","Knitwear","Clothes"
"  1242012269","       23484","       23484","Retail","Dianne Patchin","        75.6","Clothes & Shoes","Instyle Pullover Mid","Knitwear","Clothes"
"  1242035131","       23487","       23487","Retail","Duncan Robertshawe","       88.25","Sports","Eagle Windstopper Sw","Golf Clothes","Golf"
"  1242076538","       23491","       23495","Internet","Cynthia Mart\u00ednez","        23.4","Clothes & Shoes","Pro Fit Gel Ds Train","Shoes","Shoes"
"  1242130888","       23497","       23497","Retail","Lendon Celii","       89.25","Sports","A-team Sweat Round N","Jogging","Running - Jogging"
"  1242140006","       23498","       23503","Internet","Sandrina Stephano","        17.5","Sports","A-team Smoothsport B","Assorted Sports arti","Assorted Sports Arti"
"  1242140009","       23498","       23500","Catalog","Kyndal Hooks","        8.35","Sports","Shoeshine Black","Assorted Sports arti","Assorted Sports Arti"
"  1242149082","       23499","       23499","Retail","Kyndal Hooks","         6.6","Children","Fleece Cuff Pant Kid","Eclipse, Kid's Cloth","Children Sports"
"  1242159212","       23500","       23505","Internet","Sandrina Stephano","       243.3","Outdoors","Jaguar 50-75 Liter B","Backpacks","Outdoors"
"  1242185055","       23504","       23504","Retail","Wendell Summersby","          11","Sports","Wrist Weight  2.25 K","Fitness","Indoor Sports"
"  1242229985","       23509","       23509","Retail","Robert Bowerman","        94.5","Clothes & Shoes","Big Guy Men's Micro","Eclipse Clothing","Clothes"
"  1242265757","       23512","       23512","Retail","Karen Ballinger","       38.55","Sports","Armour XL","American Football","Team Sports"
"  1242458099","       23533","       23533","Retail","Karen Ballinger","         7.3","Outdoors","Breaker Commandos Ca","Knitted Accessories","Outdoors"
"  1242467585","       23534","       23540","Internet","Alvan Goheen","       230.8","Sports","Shirt Termir","Assorted Sports arti","Assorted Sports Arti"
"  1242477751","       23535","       23539","Internet","Cynthia Mart\u00ednez","        65.6","Clothes & Shoes","Soft Astro Men's Run","Shoes","Shoes"
"  1242493791","       23537","       23537","Retail","Sandrina Stephano","        65.8","Clothes & Shoes","Atmosphere Imara Wom","Eclipse Shoes","Shoes"
"  1242502670","       23538","       23538","Retail","Cynthia Mart\u00ednez","           9","Outdoors","Knife","Outdoor Gear","Outdoors"
"  1242557584","       23544","       23548","Catalog","Wynella Lewis","        78.6","Sports","Force Technical Jack","Running Clothes","Running - Jogging"
"  1242559569","       23545","       23545","Retail","Robert Bowerman","       29.74","Clothes & Shoes","Armadillo Road Dmx M","Orion","Clothes"
"  1242610991","       23550","       23550","Retail","David Black","        26.2","Clothes & Shoes","Swimming Trunks Stru","Tracker Clothes","Clothes"
"  1242647539","       23554","       23554","Retail","Dianne Patchin","        33.3","Sports","Bat - Home Run M","Baseball","Team Sports"
"  1242657273","       23555","       23555","Retail","Kyndal Hooks","        16.5","Clothes & Shoes","Toto Tube Socks","Eclipse Clothing","Clothes"
"  1242691897","       23559","       23561","Catalog","Kyndal Hooks","        62.1","Sports","Ypsilon Men's Sweats","Jogging","Running - Jogging"
"  1242736731","       23564","       23564","Retail","Karen Ballinger","        49.8","Sports","Bat - Home Run S","Baseball","Team Sports"
"  1242773202","       23568","       23571","Internet","Robyn Klem","          39","Sports","Pew Swimming Trunks","Bathing Suits","Swim Sports"
"  1242782701","       23569","       23574","Internet","Cynthia Mccluney","      235.35","Sports","Force Micro Men's Su","Running Clothes","Running - Jogging"
"  1242827683","       23574","       23574","Retail","Karen Ballinger","       14.74","Sports","Basket Ball Pro","Basket Ball","Team Sports"
"  1242836878","       23575","       23575","Retail","Karen Ballinger","        33.6","Children","Logo Coord.Children'","Tracker Kid's Clothe","Children Sports"
"  1242838815","       23576","       23576","Retail","Wendell Summersby","        21.6","Children","Bozeman Rain & Storm","Lucky Guy, Kids","Children Sports"
"  1242938120","       23587","       23587","Retail","Robert Bowerman","        20.4","Sports","Aim4it 80% Tungsten","Darts","Assorted Sports Arti"
"  1243026971","       23596","       23596","Retail","Karen Ballinger","         135","Outdoors","Lucky Tech Intergal","Outdoor Gear","Outdoors"
"  1243039354","       23598","       23598","Retail","Wendell Summersby","        9.85","Outdoors","Sheet Sleeping Bag,","Sleepingbags","Outdoors"
"  1243049938","       23599","       23602","Internet","Dericka Pockran","       103.8","Clothes & Shoes","Fleece Jacket Compas","Knitwear","Clothes"
"  1243110343","       23605","       23605","Retail","Karen Ballinger","        76.2","Children","Children's Knit Swea","N.D. Gear, Kids","Children Sports"
"  1243127549","       23608","       23608","Retail","Robert Bowerman","        11.4","Sports","Smasher Shorts","Tennis","Racket Sports"
"  1243152030","       23610","       23611","Retail","Dianne Patchin","       23.35","Outdoors","Breaker Frozen Husky","Knitted Accessories","Outdoors"
"  1243152039","       23610","       23610","Retail","Kyndal Hooks","        24.8","Sports","Men's Singlet","Running Clothes","Running - Jogging"
"  1243198099","       23615","       23615","Retail","Karen Ballinger","      108.45","Clothes & Shoes","Lulu Men's Street Sh","Shoes","Shoes"
"  1243227745","       23619","       23629","Retail","Robert Bowerman","         3.7","Outdoors","Backpack Flag, 6,5x9","Outdoor Gear","Outdoors"
"  1243279343","       23624","       23629","Internet","Cynthia Mccluney","        45.5","Sports","Force Short Sprinter","Running Clothes","Running - Jogging"
"  1243290080","       23625","       23625","Retail","Cynthia Mart\u00ednez","       25.05","Clothes & Shoes","Big Guy Men's Multic","Eclipse Shoes","Shoes"
"  1243290089","       23625","       23625","Retail","Dianne Patchin","          39","Outdoors","Expedition Zero,Medi","Sleepingbags","Outdoors"
"  1243315613","       23628","       23628","Retail","Sandrina Stephano","       30.25","Children","Teen Profleece w/Zip","Lucky Guy, Kids","Children Sports"
"  1243398628","       23637","       23637","Retail","David Black","       42.25","Sports","Bretagne Stabilities","Golf","Golf"
"  1243417726","       23639","       23639","Retail","Patricia Bertolozzi","        14.3","Children","Strap Pants BBO","Olssons, Kids","Children Sports"
"  1243462945","       23644","       23647","Internet","Robyn Klem","        26.4","Sports","Sunfit Luffa Bikini","Bathing Suits","Swim Sports"
"  1243465031","       23645","       23645","Retail","Wendell Summersby","        76.2","Children","Children's Knit Swea","N.D. Gear, Kids","Children Sports"
"  1243515588","       23650","       23650","Retail","Wynella Lewis","      125.95","Sports","Rollerskate  Roller","Skates","Assorted Sports Arti"
"  1243568955","       23656","       23656","Retail","Cynthia Mart\u00ednez","          94","Clothes & Shoes","Mns.raptor Precision","Tracker Shoes","Shoes"
"  1243643970","       23665","       23665","Retail","Robert Bowerman","       55.25","Clothes & Shoes","Soft Alta Plus Women","Shoes","Shoes"
"  1243661763","       23667","       23667","Retail","Wendell Summersby","        17.3","Sports","Sparkle Spray Orange","Assorted Sports arti","Assorted Sports Arti"
"  1243670182","       23667","       23667","Retail","Patricia Bertolozzi","        1.85","Outdoors","Backpack Flag, 6,5x9","Outdoor Gear","Outdoors"
"  1243680376","       23668","       23668","Retail","Cynthia Mart\u00ednez","       33.55","Clothes & Shoes","Woman's Air Imara","Eclipse Shoes","Shoes"
"  1243797399","       23681","       23681","Retail","Karen Ballinger","       563.7","Sports","Letour Heart Bike","Fitness","Indoor Sports"
"  1243799681","       23682","       23682","Retail","Wendell Summersby","        8.55","Clothes & Shoes","Insu F.I.T Basic","Eclipse Clothing","Clothes"
"  1243817278","       23684","       23684","Retail","Robert Bowerman","       10.15","Clothes & Shoes","Stars Swim Suit","Tracker Clothes","Clothes"
"  1243951648","       23698","       23698","Retail","Alvan Goheen","        44.9","Outdoors","Outback Sleeping Bag","Sleepingbags","Outdoors"
"  1243960910","       23699","       23699","Retail","Kyndal Hooks","        38.4","Children","Kids Sweat Round Nec","A-Team, Kids","Children Sports"
"  1243963366","       23700","       23700","Retail","Ramesh Trentholme","        42.4","Sports","Sharky Swimming Trun","Bathing Suits","Swim Sports"
"  1244107612","       23715","       23715","Retail","Dianne Patchin","        56.5","Sports","Armour L","American Football","Team Sports"
"  1244117101","       23716","       23716","Retail","Dianne Patchin","        27.1","Sports","Football - Helmet M","American Football","Team Sports"
"  1244117109","       23716","       23716","Retail","Annmarie Leveille","        13.6","Sports","Red Cap","Soccer","Team Sports"
"  1244171290","       23722","       23722","Retail","Cynthia Mart\u00ednez","       444.9","Sports","Helmsdale Ski Pants","Ski Dress","Winter Sports"
"  1244181114","       23723","       23723","Retail","Karen Ballinger","        51.6","Sports","T-Shirt","Running Clothes","Running - Jogging"
"  1244197366","       23725","       23725","Retail","Wynella Lewis","          34","Sports","Helmet L","Baseball","Team Sports"
"  1244296274","       23736","       23736","Retail","Sandrina Stephano","        22.4","Clothes & Shoes","Comp. Women's Sleeve","Tracker Clothes","Clothes"
